Event name; Ticket name; Event date; Date Ticket sold; Sold Ticket price; Sold Ticket quantity; Total Price
Historic;Historic English Tour;2019-07-26;2019-01-20 15:01:45;17.50;2;35.00;
Dance;Club session;2019-07-27;2019-01-20 15:01:44;60.00;1;60.00;
Historic;Historic English Tour;2019-07-26;2019-01-20 15:01:36;17.50;1;17.50;
Historic;Historic English Tour;2019-07-26;2019-01-20 15:01:35;17.50;1;17.50;
Historic;Historic English Tour;2019-07-26;2019-01-20 15:01:28;17.50;1;17.50;
Historic;Historic English Tour;2019-07-26;2019-01-20 15:01:25;17.50;1;17.50;
Historic;Historic English Tour;2019-07-26;2019-01-20 15:01:22;17.50;1;17.50;
Historic;Historic English Tour;2019-07-26;2019-01-20 15:01:17;17.50;1;17.50;
Historic;Historic English Tour;2019-07-26;2019-01-20 15:01:13;17.50;1;17.50;
Historic;Historic English Tour;2019-07-26;2019-01-20 15:01:13;17.50;1;17.50;
Dance;Club session;2019-07-27;2019-01-20 15:01:00;60.00;1;60.00;
Historic;Historic English Tour;2019-07-26;2019-01-20 14:01:58;17.50;2;35.00;
Historic;Historic English Tour;2019-07-26;2019-01-20 14:01:56;17.50;2;35.00;
Historic;Historic English Tour;2019-07-26;2019-01-20 14:01:56;17.50;1;17.50;
Historic;Historic English Tour;2019-07-26;2019-01-20 14:01:32;17.50;1;17.50;
Historic;Historic English Tour;2019-07-26;2019-01-20 14:01:18;17.50;2;35.00;
Historic;Historic English Tour;2019-07-26;2019-01-20 14:01:13;17.50;2;35.00;
Jazz;Gumbo Kingss;2019-07-26;2019-01-20 13:01:45;15.00;1;15.00;
Dance;Club session;2019-07-27;2019-01-20 13:01:19;60.00;2;120.00;
Historic;Historic English Tour;2019-07-26;2019-01-20 13:01:13;17.50;1;17.50;
Historic;Dutch Tour Family Ticket (4 pers. max);2019-07-26;2019-01-20 12:01:47;60.00;3;180.00;
Food;Grand Cafe Brinkman;2019-07-26;2019-01-20 12:01:07;35.00;1;35.00;
Dance;Back2back session;2019-07-27;2019-01-20 09:01:52;75.00;1;75.00;
Dance;Back2back session;2019-07-27;2019-01-20 09:01:32;75.00;1;75.00;
Dance;Back2back session;2019-07-27;2019-01-20 09:01:24;75.00;1;75.00;
Historic;Historic English Tour;2019-07-26;2019-01-20 00:01:09;17.50;1;17.50;
Historic;Historic English Tour;2019-07-26;2019-01-19 23:01:03;17.50;1;17.50;
Dance;Back2back session;2019-07-27;2019-01-12 09:01:33;75.00;1;75.00;
Jazz;Ntjam Rosie;2019-07-26;2019-01-12 02:01:45;15.00;26;390.00;
