Event name; Ticket name; Event Time; Event Date; Ticket Price; Ticket Availebility
Historic;Historic English Tour;13:00:00;2019-07-26;17.50;3;
Historic;Historic Dutch Tour;16:00:00;2019-07-26;17.50;12;
Historic;Historic English Tour;16:00:00;2019-07-26;17.50;12;
Historic;Historic Dutch Tour;10:00:00;2019-07-27;17.50;12;
Historic;Historic Dutch Tour;13:00:00;2019-07-27;17.50;12;
Historic;Historic Dutch Tour;16:00:00;2019-07-27;17.50;12;
Historic;Historic English Tour;10:00:00;2019-07-27;17.50;12;
Historic;Historic English Tour;13:00:00;2019-07-27;17.50;12;
Historic;Historic English Tour;16:00:00;2019-07-27;17.50;12;
Historic;Historic Chinese Tour;13:00:00;2019-07-27;17.50;12;
Historic;Historic Dutch Tour;10:00:00;2019-07-28;17.50;24;
Historic;Historic Dutch Tour;13:00:00;2019-07-28;17.50;24;
Historic;Historic Dutch Tour;16:00:00;2019-07-28;17.50;12;
Historic;Historic English Tour;10:00:00;2019-07-28;17.50;24;
Historic;Historic English Tour;13:00:00;2019-07-28;17.50;24;
Historic;Historic English Tour;16:00:00;2019-07-28;17.50;12;
Historic;Historic Chinese Tour;13:00:00;2019-07-28;17.50;12;
Historic;Historic Chinese Tour;16:00:00;2019-07-28;17.50;12;
Historic;Historic Dutch Tour;10:00:00;2019-07-29;17.50;24;
Historic;Historic Dutch Tour;13:00:00;2019-07-29;17.50;36;
Historic;Historic Dutch Tour;16:00:00;2019-07-29;17.50;12;
Historic;Historic English Tour;10:00:00;2019-07-29;17.50;24;
Historic;Historic English Tour;13:00:00;2019-07-29;17.50;36;
Historic;Historic English Tour;16:00:00;2019-07-29;17.50;12;
Historic;Historic Chinese Tour;13:00:00;2019-07-29;17.50;24;
Historic;Historic Chinese Tour;16:00:00;2019-07-29;17.50;12;
Historic;English Tour Family Ticket (4 pers. max);13:00:00;2019-07-26;60.00;12;
Historic;Dutch Tour Family Ticket (4 pers. max);16:00:00;2019-07-26;60.00;12;
Historic;English Tour Family Ticket (4 pers. max);16:00:00;2019-07-26;60.00;12;
Historic;Dutch Tour Family Ticket (4 pers. max);10:00:00;2019-07-27;60.00;12;
Historic;Dutch Tour Family Ticket (4 pers. max);13:00:00;2019-07-27;60.00;12;
Historic;Dutch Tour Family Ticket (4 pers. max);16:00:00;2019-07-27;60.00;12;
Historic;English Tour Family Ticket (4 pers. max);13:00:00;2019-07-27;60.00;12;
Historic;English Tour Family Ticket (4 pers. max);16:00:00;2019-07-27;60.00;12;
Historic;Chinese Tour Family Ticket (4 pers. max);13:00:00;2019-07-27;60.00;12;
Historic;Dutch Tour Family Ticket (4 pers. max);10:00:00;2019-07-28;60.00;24;
Historic;Dutch Tour Family Ticket (4 pers. max);13:00:00;2019-07-28;60.00;24;
Historic;Dutch Tour Family Ticket (4 pers. max);16:00:00;2019-07-28;60.00;12;
Historic;English Tour Family Ticket (4 pers. max);13:00:00;2019-07-28;60.00;24;
Historic;English Tour Family Ticket (4 pers. max);16:00:00;2019-07-28;60.00;12;
Historic;Chinese Tour Family Ticket (4 pers. max);13:00:00;2019-07-28;60.00;12;
Historic;Chinese Tour Family Ticket (4 pers. max);16:00:00;2019-07-28;60.00;12;
Historic;Dutch Tour Family Ticket (4 pers. max);10:00:00;2019-07-29;60.00;24;
Historic;Dutch Tour Family Ticket (4 pers. max);13:00:00;2019-07-29;60.00;36;
Historic;Dutch Tour Family Ticket (4 pers. max);16:00:00;2019-07-29;60.00;12;
Historic;English Tour Family Ticket (4 pers. max);13:00:00;2019-07-29;60.00;36;
Historic;English Tour Family Ticket (4 pers. max);16:00:00;2019-07-29;60.00;12;
Historic;Chinese Tour Family Ticket (4 pers. max);13:00:00;2019-07-29;60.00;24;
Historic;Chinese Tour Family Ticket (4 pers. max);16:00:00;2019-07-29;60.00;12;
Jazz;Gare du Nord;20:00:00;2019-07-29;0.00;0;
Jazz;MGumbo Kings;19:00:00;2019-07-29;0.00;0;
Jazz;The Nordanians;18:00:00;2019-07-29;0.00;0;
Jazz;Evolve;17:00:00;2019-07-29;0.00;0;
Jazz;Wicked Jazz Sounds;16:00:00;2019-07-29;0.00;0;
Jazz;Ruis Soundsystem;15:00:00;2019-07-29;0.00;0;
Jazz;Gumbo Kingss;18:00:00;2019-07-26;15.00;299;
Jazz;Evolve;19:30:00;2019-07-26;15.00;300;
Jazz;Ntjam Rosie;21:00:00;2019-07-26;15.00;200;
Jazz;Wicked Jazz Sounds;18:00:00;2019-07-26;10.00;200;
Jazz;Tom Thomsom Assemble;19:30:00;2019-07-26;10.00;200;
Jazz;Jonna Frazer;21:00:00;2019-07-26;10.00;300;
Jazz;Fox & The Mayors;18:00:00;2019-07-27;15.00;300;
Jazz;Uncle Sue;19:30:00;2019-07-27;15.00;300;
Jazz;Chris Allen;21:00:00;2019-07-27;15.00;300;
Jazz;Myles Sanko;18:00:00;2019-07-27;10.00;200;
Jazz;Ruis Soundsystem;19:30:00;2019-07-27;10.00;200;
Jazz;The Family XL;21:00:00;2019-07-27;10.00;200;
Jazz;Gare du Nord;18:00:00;2019-07-28;15.00;300;
Jazz;Rilan & The Bombadiers;19:30:00;2019-07-28;15.00;300;
Jazz;Soul Six;21:00:00;2019-07-28;15.00;300;
Jazz;Han Bennink;18:00:00;2019-07-28;10.00;200;
Jazz;The Nordanians;19:30:00;2019-07-28;10.00;200;
Jazz;Lilith Merlot;21:00:00;2019-07-28;10.00;200;
Jazz;All-access pass day for 28-07-2019;;2019-07-28;35.00;0;
Jazz;All-access pass multiday for 26/27/28-07-2019;;;80.00;0;
Jazz;All-access pass day for 26-07-2019;;2019-07-26;35.00;0;
Jazz;All-access pass day for 27-07-2019;;2019-07-27;35.00;0;
Dance;Back2back session;20:00:00;2019-07-27;75.00;1498;
Dance;Club session;22:00:00;2019-07-27;60.00;200;
Dance;Club session;23:00:00;2019-07-27;60.00;300;
Dance;Club session;22:00:00;2019-07-27;60.00;200;
Dance;Club session;22:00:00;2019-07-27;60.00;200;
Dance;Back2Back session;14:00:00;2019-07-28;110.00;2000;
Dance;Club session;22:00:00;2019-07-28;60.00;300;
Dance;TiëstoWorld** session;21:00:00;2019-07-28;75.00;1500;
Dance;Club session;23:00:00;2019-07-28;75.00;200;
Dance;Back2Back session;14:00:00;2019-07-29;110.00;2000;
Dance;Club session;19:00:00;2019-07-29;60.00;300;
Dance;Club session;21:00:00;2019-07-29;90.00;1500;
Dance;Club session;18:00:00;2019-07-29;60.00;200;
Dance;All-access pass day for 27-07-2019;;2019-07-27;125.00;0;
Dance;All-access pass day for 28-07-2019;;2019-07-28;150.00;0;
Dance;All-access pass day for 29-07-2019;;2019-07-29;150.00;0;
Dance;All-access pass multiday for 26/27/28-07-2019;;;250.00;0;
Food;Restaurant Mr. & Mrs.;18:00:00;2019-07-26;45.00;40;
Food;Restaurant Mr. & Mrs.;19:30:00;2019-07-26;45.00;40;
Food;Restaurant Mr. & Mrs.;21:00:00;2019-07-26;45.00;40;
Food;Restaurant Mr. & Mrs.;21:00:00;2019-07-27;45.00;40;
Food;Restaurant Mr. & Mrs.;21:00:00;2019-07-28;45.00;40;
Food;Restaurant Mr. & Mrs.;21:00:00;2019-07-29;45.00;40;
Food;Restaurant Mr. & Mrs.;19:30:00;2019-07-27;45.00;40;
Food;Restaurant Mr. & Mrs.;19:30:00;2019-07-28;45.00;40;
Food;Restaurant Mr. & Mrs.;19:30:00;2019-07-29;45.00;40;
Food;Restaurant Mr. & Mrs.;18:00:00;2019-07-27;45.00;40;
Food;Restaurant Mr. & Mrs.;18:00:00;2019-07-28;45.00;40;
Food;Restaurant Mr. & Mrs.;18:00:00;2019-07-29;45.00;40;
Food;Ratatouille;17:00:00;2019-07-26;45.00;52;
Food;Ratatouille;19:00:00;2019-07-26;45.00;52;
Food;Ratatouille;21:00:00;2019-07-26;45.00;52;
Food;Ratatouille;17:00:00;2019-07-27;45.00;52;
Food;Ratatouille;19:00:00;2019-07-27;45.00;52;
Food;Ratatouille;21:00:00;2019-07-27;45.00;52;
Food;Ratatouille;17:00:00;2019-07-28;45.00;52;
Food;Ratatouille;19:00:00;2019-07-28;45.00;52;
Food;Ratatouille;21:00:00;2019-07-28;45.00;52;
Food;Ratatouille;17:00:00;2019-07-29;45.00;52;
Food;Ratatouille;19:00:00;2019-07-29;45.00;52;
Food;Ratatouille;21:00:00;2019-07-29;45.00;52;
Food;Restaurant ML;17:00:00;2019-07-26;45.00;60;
Food;Restaurant ML;19:00:00;2019-07-26;45.00;60;
Food;Restaurant ML;17:00:00;2019-07-27;45.00;60;
Food;Restaurant ML;19:00:00;2019-07-27;45.00;60;
Food;Restaurant ML;17:00:00;2019-07-28;45.00;60;
Food;Restaurant ML;19:00:00;2019-07-28;45.00;60;
Food;Restaurant ML;17:00:00;2019-07-29;45.00;60;
Food;Restaurant ML;19:00:00;2019-07-29;45.00;60;
Food;Restaurant Fris;17:30:00;2019-07-26;45.00;45;
Food;Restaurant Fris;19:00:00;2019-07-26;45.00;45;
Food;Restaurant Fris;20:30:00;2019-07-26;45.00;45;
Food;Restaurant Fris;17:30:00;2019-07-27;45.00;45;
Food;Restaurant Fris;19:00:00;2019-07-27;45.00;45;
Food;Restaurant Fris;20:30:00;2019-07-27;45.00;45;
Food;Restaurant Fris;17:30:00;2019-07-28;45.00;45;
Food;Restaurant Fris;19:00:00;2019-07-28;45.00;45;
Food;Restaurant Fris;20:30:00;2019-07-28;45.00;45;
Food;Restaurant Fris;17:30:00;2019-07-29;45.00;45;
Food;Restaurant Fris;19:00:00;2019-07-29;45.00;45;
Food;Restaurant Fris;20:30:00;2019-07-29;45.00;45;
Food;Specktakel;17:00:00;2019-07-26;35.00;35;
Food;Specktakel;18:30:00;2019-07-26;35.00;35;
Food;Specktakel;20:00:00;2019-07-26;35.00;35;
Food;Specktakel;17:00:00;2019-07-27;35.00;35;
Food;Specktakel;18:30:00;2019-07-27;35.00;35;
Food;Specktakel;20:00:00;2019-07-27;35.00;35;
Food;Specktakel;17:00:00;2019-07-28;35.00;35;
Food;Specktakel;18:30:00;2019-07-28;35.00;35;
Food;Specktakel;20:00:00;2019-07-28;35.00;35;
Food;Specktakel;17:00:00;2019-07-29;35.00;35;
Food;Specktakel;18:30:00;2019-07-29;35.00;35;
Food;Specktakel;20:00:00;2019-07-29;35.00;35;
Food;Grand Cafe Brinkman;16:30:00;2019-07-26;35.00;100;
Food;Grand Cafe Brinkman;19:30:00;2019-07-26;35.00;100;
Food;Grand Cafe Brinkman;16:30:00;2019-07-27;35.00;100;
Food;Grand Cafe Brinkman;18:00:00;2019-07-27;35.00;100;
Food;Grand Cafe Brinkman;19:30:00;2019-07-27;35.00;100;
Food;Grand Cafe Brinkman;16:30:00;2019-07-28;35.00;100;
Food;Grand Cafe Brinkman;18:00:00;2019-07-28;35.00;100;
Food;Grand Cafe Brinkman;19:30:00;2019-07-28;35.00;100;
Food;Grand Cafe Brinkman;16:30:00;2019-07-29;35.00;100;
Food;Grand Cafe Brinkman;18:00:00;2019-07-29;35.00;100;
Food;Grand Cafe Brinkman;19:30:00;2019-07-29;35.00;100;
Food;Urban Frenchy Bistro Toujours;17:30:00;2019-07-26;35.00;48;
Food;Urban Frenchy Bistro Toujours;19:00:00;2019-07-26;35.00;48;
Food;Urban Frenchy Bistro Toujours;20:30:00;2019-07-26;35.00;48;
Food;Urban Frenchy Bistro Toujours;17:30:00;2019-07-27;35.00;48;
Food;Urban Frenchy Bistro Toujours;19:00:00;2019-07-27;35.00;48;
Food;Urban Frenchy Bistro Toujours;20:30:00;2019-07-27;35.00;48;
Food;Urban Frenchy Bistro Toujours;17:30:00;2019-07-28;35.00;48;
Food;Urban Frenchy Bistro Toujours;19:00:00;2019-07-28;35.00;48;
Food;Urban Frenchy Bistro Toujours;20:30:00;2019-07-28;35.00;48;
Food;Urban Frenchy Bistro Toujours;17:30:00;2019-07-29;35.00;48;
Food;Urban Frenchy Bistro Toujours;19:00:00;2019-07-29;35.00;48;
Food;Urban Frenchy Bistro Toujours;20:30:00;2019-07-29;35.00;48;
Food;The Golden Bull;17:30:00;2019-07-26;35.00;60;
Food;The Golden Bull;19:00:00;2019-07-26;35.00;60;
Food;The Golden Bull;20:30:00;2019-07-26;35.00;60;
Food;The Golden Bull;17:30:00;2019-07-27;35.00;60;
Food;The Golden Bull;19:00:00;2019-07-27;35.00;60;
Food;The Golden Bull;20:30:00;2019-07-27;35.00;60;
Food;The Golden Bull;17:30:00;2019-07-28;35.00;60;
Food;The Golden Bull;19:00:00;2019-07-28;35.00;60;
Food;The Golden Bull;20:30:00;2019-07-28;35.00;60;
Food;The Golden Bull;17:30:00;2019-07-29;35.00;60;
Food;The Golden Bull;19:00:00;2019-07-29;35.00;60;
Food;The Golden Bull;20:30:00;2019-07-29;35.00;60;
